Time,compartment,A,B,C,reversMA,irreversMA
0.0,1.0,10.0,5.0,0.0,30.0,30.0
0.01,1.0,9.705882112036116,4.994234721535492,0.29988316642839213,28.835059005073482,29.965408329212956
0.02,1.0,9.423076610596311,4.977828677469952,0.5990947119337372,27.736649087445343,29.866972064819713
0.03,1.0,9.150943757216751,4.952022220961156,0.8970340218220912,26.699730586944693,29.71213332576694
0.04,1.0,8.888892022558245,4.917936701882371,1.1931712755593817,25.719694686468237,29.507620211294224
0.05,1.0,8.636373972458689,4.876585388163622,1.4870406393776878,24.79232511350751,29.259512328981728
0.06,1.0,8.392882519484557,4.828883396538082,1.77823408397736,23.913763284862064,28.97330037922849
0.07,1.0,8.15794750712665,4.775656722255049,2.0663957706182994,23.0804765839965,28.653940333530294
0.08,1.0,7.931132596748354,4.717650449230765,2.35121695402088,22.289229488531884,28.305902695384592
0.09,1.0,7.712032430090252,4.65553621474871,2.6324313551610374,21.537057290863586,27.93321728849226
0.1,1.0,7.500270042587222,4.589918996126055,2.909810961286722,20.821242178096778,27.539513976756332
0.11,1.0,7.295494504985017,4.521343280672615,3.1831622143423677,20.13929145859484,27.12805968403569
0.12,1.0,7.097378772772923,4.450298674728318,3.452322552498757,19.488917741635056,26.701792048369906
0.13,1.0,6.905617724795407,4.377225002525304,3.7171572726792874,18.86802089413102,26.263350015151822
0.14,1.0,6.719926374085409,4.302516941035908,3.9775566848786816,18.27467161426982,25.815101646215446
0.15,1.0,6.540038235490051,4.226528232797151,4.233433531712796,17.707096476365898,25.35916939678291
0.16,1.0,6.36570383604972,4.149575514908287,4.484720649041991,17.163664314382306,24.897453089449723
0.17,1.0,6.196689355356248,4.071941798946573,4.731368845697179,16.642873823531843,24.431650793679438
0.18,1.0,6.032775384266514,3.9938796334068045,4.973344982326681,16.143342270252447,23.963277800440828
0.19,1.0,5.873755791394587,3.9156139774140524,5.2106302311913595,15.663795210750244,23.493683864484314
0.2,1.0,5.719436687757851,3.837344811860893,5.443218500381256,15.203057127309616,23.02406887116536
0.21,1.0,5.569635480818939,3.7592495117569986,5.671115007424062,14.76004289976176,22.555497070541993
0.22,1.0,5.4241800099535995,3.681485001428916,5.894334988617485,14.333750036956566,22.088910008573496
0.23,1.0,5.282907756091649,3.604189712252097,6.112902531656254,13.9232515998624,21.625138273512583
0.24,1.0,5.145665118930677,3.527485360818093,6.32684952025123,13.527689754086522,21.164912164908557
0.25,1.0,5.012306755715693,3.4514785638213787,6.536214680462927,13.146269895220016,20.708871382928272
0.26,1.0,4.88269497611797,3.3762623044780438,6.7410427194039855,12.778255295515795,20.257573826868263
0.27,1.0,4.756699188237656,3.3019172639493193,6.941383547813024,12.422962225051986,19.811503583695917
0.28,1.0,4.634195391201756,3.2285130300246347,7.137291578773607,12.079755504757756,19.37107818014781
0.29,1.0,4.515065710235804,3.1561091942106745,7.328825095553519,11.748044452521867,18.936655165264046
0.3,1.0,4.3991979704575535,3.0847563473647885,7.516045682177655,11.427279187100638,18.508538084188732
0.31,1.0,4.286485305977748,3.0144969830940775,7.699017710928172,11.116947257722837,18.086981898564467
0.32,1.0,4.176825801199309,2.9453663173072853,7.877807881493404,10.816570570182664,17.67219790384371
0.33,1.0,4.070122161485037,2.8773930315478013,8.05248480696716,10.525702582844547,17.26435818928681
0.34,1.0,3.9662814106175035,2.8105999470458043,8.22311864233669,10.243925748378405,16.863599682274824
0.35,1.0,3.8652146127055533,2.7450046357996984,8.389780751494744,9.970849179222817,16.47002781479819
0.36,1.0,3.7668366164018274,2.680619974425812,8.552543409172355,9.706106516755685,16.08371984655487
0.37,1.0,3.671065819486718,2.617454645995783,8.711479534517494,9.449353985955305,15.704727875974697
0.38,1.0,3.5778239520480493,2.5555135946084464,8.8666624533435,9.200268618975304,15.333081567650678
0.39,1.0,3.487035876643938,2.494798437013154,9.018165686342904,8.958546632549444,14.968790622078924
0.4,1.0,3.3986294039802365,2.4353078352103967,9.166062760809362,8.723901945500153,14.61184701126238
0.41,1.0,3.3125351227649547,2.3770378335999167,9.310427043635125,8.496064823859985,14.2622270015995
0.42,1.0,3.2286862425212535,2.3199821639229214,9.45133159355582,8.274780642239172,13.91989298353753
0.43,1.0,3.1470184482490757,2.2641325209507306,9.588849030800189,8.059808751094842,13.584795125704384
0.44,1.0,3.0674697659242103,2.209478811604467,9.723051422471318,7.850921440487907,13.256872869626802
0.45,1.0,2.9899804379134114,2.156009379946918,9.854010182139664,7.64790299175981,12.936056279681509
0.46,1.0,2.914492807465978,2.103711210266186,9.98179598226783,7.450548809331541,12.622267261597116
0.47,1.0,2.8409512115166082,2.0525701102693175,10.106478678214067,7.258664625527798,12.315420661615905
0.48,1.0,2.769301881102076,2.002570876220839,10.228127242677077,7.072065771966627,12.015425257325035
0.49,1.0,2.699492848755938,1.9536974416944624,10.346809709549593,6.890576511634828,11.722184650166774
0.5,1.0,2.6314738623015845,1.9059330114546396,10.46259312624377,6.714029426297059,11.435598068727838
0.51,1.0,2.5651963045150405,1.859260181846745,10.575543513638209,6.542264854366673,11.15556109108047
0.52,1.0,2.5006131181754196,1.8136610489492762,10.685725832875299,6.375130374803126,10.881966293695656
0.53,1.0,2.4376787360632655,1.7691173056273943,10.793203958309338,6.212480332998274,10.614703833764366
0.54,1.0,2.376349015505563,1.725610328523381,10.898040655971055,6.0541754049754894,10.353661971140287
0.55,1.0,2.316581177101281,1.6831212559252546,11.000297566973464,5.900082196554615,10.098727535551529
0.56,1.0,2.258333747293266,1.6416310573689623,11.100035195337771,5.750072874435139,9.849786344213774
0.57,1.0,2.2015665044813906,1.6011205957515378,11.19731289976707,5.604024826422487,9.606723574509227
0.58,1.0,2.1462404283983676,1.5615706826616367,11.292188888939993,5.461820348270197,9.36942409596982
0.59,1.0,2.092317652493747,1.5229621275693161,11.384720219936934,5.323346354836356,9.137772765415896
0.6,1.0,2.0397614190936,1.4852757814582296,11.474962799448166,5.188494113457942,8.911654688749378
0.61,1.0,1.9885360371234133,1.4484925754300286,11.562971387446556,5.057158997633596,8.690955452580171
0.62,1.0,1.9386068421999265,1.412593554762226,11.648799603037848,4.929240259275254,8.475561328573356
0.63,1.0,1.8899401589142895,1.3775599088566288,11.732499932229082,4.8046408179439,8.265359453139773
0.64,1.0,1.8425032651440114,1.343372997475321,11.814123737380667,4.683267065625404,8.060237984851927
0.65,1.0,1.7962643582449946,1.310014373624672,11.893721268130333,4.565028685730635,7.860086241748032
0.66,1.0,1.7511925229874896,1.2774658034146735,11.971341673597838,4.449838485120612,7.664794820488041
0.67,1.0,1.7072577011112762,1.2457092831907217,12.047033015698004,4.337612238063661,7.47425569914433
0.68,1.0,1.6644306623858067,1.2147270542075463,12.120842283406649,4.228268541128134,7.288362325245278
0.69,1.0,1.6226829770705662,1.1845016150900358,12.192815407839399,4.121728678102193,7.107009690540215
0.7,1.0,1.581986989679588,1.1550157323030408,12.262997278017371,4.017916494112271,6.930094393818244
0.71,1.0,1.5423157939619698,1.1262524488316301,12.3314317572064,3.916758278184619,6.757514692989781
0.72,1.0,1.5036432090174594,1.098195091254528,12.398161699728012,3.8181826535607817,6.589170547527168
0.73,1.0,1.465943756472763,1.070827275376444,12.463228968150792,3.7221204751381642,6.424963652258665
0.74,1.0,1.4291926386502376,1.0441329105695143,12.526674450780245,3.628504733461922,6.264797463417086
0.75,1.0,1.3933657176661092,1.0180962029600145,12.588538079373873,3.5372704647444078,6.108577217760087
0.76,1.0,1.358439495400374,0.9927016575837155,12.648858847015907,3.448354666434065,5.956209945502293
0.77,1.0,1.324391094285099,0.9679340796216327,12.707674826093264,3.3616962178971304,5.807604477729797
0.78,1.0,1.2911982388620198,0.9437785748173632,12.765023186320615,3.277235805813353,5.662671448904179
0.79,1.0,1.2588392380641453,0.9202205491676154,12.820940212768237,3.1949158539213505,5.5213232950056925
0.8,1.0,1.2272929681795601,0.8972457079688165,12.87546132385162,3.1146804567806075,5.383474247812899
0.81,1.0,1.196538856458806,0.8748400542947684,12.928621089246425,3.036475317245687,5.24904032576861
0.82,1.0,1.1665568653301313,0.8529898869731309,12.980453247696735,2.960247687374263,5.117939321838786
0.83,1.0,1.137327477189561,0.8316817981219827,13.030990724688452,2.885946312514278,4.990090788731896
0.84,1.0,1.1088316797351834,0.8109026703017722,13.08026564996304,2.813521378337189,4.865416021810633
0.85,1.0,1.081050951817267,0.7906396733325949,13.128309374850135,2.7429244606038785,4.74383803999557
0.86,1.0,1.0539672497778805,0.7708802608218341,13.175152489400281,2.6741084774678536,4.625281564931004
0.87,1.0,1.0275629942555469,0.7516121664427722,13.220824839301677,2.607027644136643,4.509672998656633
0.88,1.0,1.0018210574321826,0.7328234000007449,13.265355542567068,2.541637429727241,4.396940400004469
0.89,1.0,0.9767247507011435,0.7145022433197591,13.308773005979091,2.4778945161650556,4.287013459918555
0.9,1.0,0.952257812736649,0.6966372459791775,13.351104941284168,2.415756758988241,4.179823475875065
0.91,1.0,0.9284043979461654,0.6792172209270642,13.392378381126766,2.355183149930533,4.075303325562385
0.92,1.0,0.9051490652885599,0.6622312399940563,13.43261969471738,2.2961337811661267,3.9733874399643376
0.93,1.0,0.8824767674419464,0.6456686293291555,13.471854603228891,2.2385698111094747,3.8740117759749326
0.94,1.0,0.8603728403061721,0.6295189647765879,13.510108194917233,2.1824534316715125,3.777113788659527
0.95,1.0,0.8388229928258412,0.6137720672108509,13.547404939963302,2.127747836881663,3.682632403265105
0.96,1.0,0.8178132971206399,0.5984179978452226,13.583768705034132,2.0744171927921142,3.590507987071336
0.97,1.0,0.7973301789105322,0.5834470535273424,13.619222767562118,2.022426608587444,3.5006823211640543
0.98,1.0,0.7773604082241297,0.5688497620339638,13.653789829741898,1.9717421088285911,3.4130985722037828
0.99,1.0,0.7578910903792261,0.5546168773756097,13.687492032245155,1.922330606765685,3.3277012642536583
1.0,1.0,0.7389096572251131,0.5407393751206309,13.720350967654248,1.8741598786591909,3.244436250723785
1.01,1.0,0.7204038586368786,0.5272084477470428,13.752387693616072,1.8271985390534289,3.1632506864822565
1.02,1.0,0.7023617542524252,0.5140155000295117,13.783622745718057,1.7814160169506774,3.08409300017707
1.03,1.0,0.6847717054434462,0.5011521444679463,13.814076150088603,1.7367825328378923,3.006912866807678
1.04,1.0,0.6676223675120588,0.4886101967633261,13.843767435724608,1.6932690765215832,2.931661180579957
1.05,1.0,0.6509026821052203,0.47638167134565473,13.872715646549118,1.6508473857295716,2.8582900280739283
1.06,1.0,0.6346018698394537,0.46445877695825627,13.900939353202283,1.6094899254413022,2.7867526617495377
1.07,1.0,0.618709423128777,0.4528339123020281,13.928456664569188,1.5691698679110517,2.7170034738121682
1.08,1.0,0.6032150992090759,0.4414996617427185,13.955285239048196,1.5298610733508666,2.648997970456311
1.09,1.0,0.5881089133524766,0.4304487910838096,13.981442295563706,1.4915380712422872,2.5826927465028575
1.1,1.0,0.5733811322655809,0.4196742434071444,14.006944624327266,1.4541760422480348,2.5180454604428664
1.11,1.0,0.5590222676656956,0.409169134983043,14.031808597351251,1.4177508006966963,2.455014809898258
1.12,1.0,0.5450230700294573,0.398926751251298,14.056050178719234,1.3822387776152332,2.393560507507788
1.13,1.0,0.5313745225084907,0.38894054287412017,14.079684934617378,1.3476170042857225,2.333643257244721
1.14,1.0,0.5180678350069726,0.3792041218618258,14.10272804313119,1.3138630963042388,2.2752247311709546
1.15,1.0,0.5050944384161813,0.36971125777179786,14.125194303812009,1.2809552381211295,2.2182675466307873
1.16,1.0,0.49244597900131976,0.36045587398103174,14.147098147017639,1.2488721680432155,2.1627352438861904
1.17,1.0,0.48011431293608375,0.35143204403237205,14.168453643031533,1.217593163679591,2.1085922641942325
1.18,1.0,0.46809150098062535,0.34263398805436907,14.189274510964994,1.1870980278137633,2.055803928326214
1.19,1.0,0.4563698032987326,0.33405606925452624,14.20957412744673,1.157367074685878,2.0043364155271575
1.2,1.0,0.4449416744102001,0.3256927904855673,14.229365535104222,1.1283811166696658,1.954156742913404
1.21,1.0,0.4337997582745181,0.3175387908842321,14.24866145084124,1.1001214513296083,1.9052327453053925
1.22,1.0,0.4229368835021457,0.30958884258199776,14.267474273915846,1.0725698488445872,1.8575330554919867
1.23,1.0,0.41234605868977,0.3018378474870311,14.285816093823188,1.0457085397850179,1.8110270849221863
1.24,1.0,0.40202046787607826,0.294280834136593,14.303698697987315,1.019520203231127,1.765685004819558
1.25,1.0,0.3919534661146904,0.2869129546190454,14.32113357926625,0.9939879552206707,1.7214777277142725
1.26,1.0,0.38213857516101385,0.27972948156455046,14.338131943274425,0.9690953375149545,1.6783768893873028
1.27,1.0,0.372569479269891,0.27272580520349754,14.354704715526601,0.9448263066725688,1.6363548312209852
1.28,1.0,0.363240021101013,0.2658974304916525,14.370862548407326,0.921165223420747,1.595384582949915
1.29,1.0,0.35414419772917255,0.2592399743009833,14.386615827969836,0.8980968423147236,1.5554398458058998
1.3,1.0,0.34527615675652085,0.25274916267508735,14.401974680568385,0.8756063016759087,1.5164949760505242
1.31,1.0,0.336630192524086,0.2464208281481222,14.416948979327787,0.8536791138000996,1.4785249688887332
1.32,1.0,0.3282007424198941,0.2402509071261199,14.43154835045398,0.8323011554273366,1.4415054427567195
1.33,1.0,0.31998238328111744,0.23423543732955301,14.445782179389324,0.8114586584653638,1.4054126239773181
1.34,1.0,0.3119698278877515,0.22837055529600758,14.459659616816234,0.7911382009589909,1.3702233317760455
1.35,1.0,0.30415792154540106,0.22265249394181347,14.473189584512777,0.7713266982979773,1.3359149636508807
1.36,1.0,0.29654163875482326,0.21707758018147905,14.48638078106369,0.7520113946563349,1.3024654810888743
1.37,1.0,0.28911607996594985,0.21164223260377588,14.499241687430267,0.7331798546562476,1.2698533956226552
1.38,1.0,0.2818764684141743,0.2063429592033227,14.511780572382495,0.7148199552500518,1.2380577552199363
1.39,1.0,0.27481814703675517,0.2011763551665216,14.524005497796717,0.6969198778139775,1.2070581309991297
1.4,1.0,0.26793657546724853,0.19613910071070692,14.535924323822037,0.6794681004475802,1.1768346042642415
1.41,1.0,0.2612273271059424,0.1912279589753754,14.547544713918674,0.6624533904730188,1.1473677538522524
1.42,1.0,0.25468608626432243,0.18643977396437658,14.558874139771293,0.6458647971285365,1.1186386437862594
1.43,1.0,0.24830864538165487,0.1817714685379539,14.569919886080383,0.6296916444507117,1.0906288112277234
1.44,1.0,0.24209090231182473,0.17722004245353948,14.580689055234629,0.6139235243402199,1.0633202547212368
1.45,1.0,0.2360288576786203,0.17278257045421988,14.591188571867152,0.5985502898060415,1.0366954227253193
1.46,1.0,0.23011861229770372,0.16845620040380424,14.601425187298481,0.5835620483832065,1.0107372024228254
1.47,1.0,0.2243563646635562,0.1642381514674419,14.61140548386899,0.5689491557193411,0.9854289088046513
1.48,1.0,0.2187384084997332,0.16012571233675277,14.621135879163502,0.5547022093254272,0.9607542740205166
1.49,1.0,0.2132611303708091,0.1561162394984502,14.630622630130729,0.5408120424863361,0.9366974369907011
1.5,1.0,0.20792100735443608,0.15220715554545294,14.639871837100099,0.5272697183268384,0.9132429332727177
1.51,1.0,0.20271460477198258,0.1483959475295008,14.648889447698506,0.5140665240289287,0.8903756851770048
1.52,1.0,0.19763857397625906,0.1446801653543049,14.657681260669428,0.5011939651964264,0.8680809921258293
1.53,1.0,0.19268965019487747,0.14105742020828327,14.66625292959683,0.4886437603629433,0.8463445212496996
1.54,1.0,0.18786465042783018,0.13752538303594838,14.674609966536213,0.47640783563942396,0.8251522982156902
1.55,1.0,0.1831604713979113,0.13408178304703308,14.682757745555048,0.46447831949757906,0.8044906982821984
1.56,1.0,0.1785740875526387,0.13072440626245757,14.690701506184896,0.4528475376856397,0.7843464375747454
1.57,1.0,0.17410254911637152,0.12745109409626024,14.69844635678736,0.4415080082729656,0.7647065645775615
1.58,1.0,0.1697429801913516,0.12425974197263136,14.705997277836008,0.43045243682014367,0.7455584518357882
1.59,1.0,0.16549257690642988,0.12114829797720784,14.713359125116353,0.41967371167130385,0.7268897878632471
1.6,1.0,0.16134860561227193,0.1181147615418037,14.720536632845915,0.40916489936548034,0.7086885692508222
1.61,1.0,0.15730840112186756,0.11515718216176996,14.727534416716354,0.3989192401639303,0.6909430929706197
1.62,1.0,0.15336936499519999,0.11227365814519445,14.734356976859598,0.388930143690411,0.6736419488711667
1.63,1.0,0.14952896386695955,0.10946233539316894,14.741008700739862,0.3791911846815003,0.6567740123590136
1.64,1.0,0.1457847278162159,0.10672140621036887,14.747493865973407,0.3696960988441259,0.6403284372622132
1.65,1.0,0.14213424877699046,0.1040491081452071,14.753816643077794,0.36043877881754766,0.6242946488712426
1.66,1.0,0.13857517898869795,0.10144372285884039,14.759981098152455,0.351413270237111,0.6086623371530423
1.67,1.0,0.13510522948545217,0.09890357502232278,14.76599119549222,0.34261376789716314,0.5934214501339367
1.68,1.0,0.13172216862325792,0.09642703124121728,14.77185080013552,0.33403461201059714,0.5785621874473037
1.69,1.0,0.12842382064413413,0.09401249900699211,14.777563680348868,0.3256702845625523,0.5640749940419527
1.7,1.0,0.12520806427623965,0.09165842567454395,14.78313351004921,0.31751540575587067,0.5499505540472637
1.71,1.0,0.12207283136909526,0.08936329746520556,14.788563871165694,0.3095647305459699,0.5361797847912334
1.72,1.0,0.11901610556301939,0.08712563849461048,14.793858255942366,0.30181314526285663,0.5227538309676629
1.73,1.0,0.11603592099191733,0.08494400982480209,14.799020069183277,0.29425566431806516,0.5096640589488125
1.74,1.0,0.11313036101858537,0.08281700853998876,14.804052630441422,0.286887426994364,0.4969020512399326
1.75,1.0,0.11029755700171295,0.08074326684536111,14.808959176152921,0.2797036943161296,0.4844596010721667
1.76,1.0,0.10753568709378605,0.07872145118840117,14.81374286171781,0.27269984599834185,0.472328707130407
1.77,1.0,0.1048429750691161,0.07675026140212689,14.818406763528754,0.2658713774722107,0.46050156841276135
1.78,1.0,0.1022176891812374,0.07482842986972892,14.822953880949033,0.2592138969854918,0.44897057921837347
1.79,1.0,0.0996581410489358,0.07295472071006935,14.827387138240995,0.2527231227756045,0.4377283242604161
1.8,1.0,0.09716268457019014,0.0711279289835252,14.831709386446285,0.24639488031371018,0.42676757390115116
1.81,1.0,0.09472971486332532,0.0693468799176716,14.835923405219004,0.24022509961795807,0.41608127950602963
1.82,1.0,0.09235766723469443,0.06761042815231232,14.840031904612996,0.2342098126341531,0.40566256891387387
1.83,1.0,0.09004501617222431,0.06591745700337652,14.844037526824401,0.2283451506821442,0.3955047420202591
1.84,1.0,0.08779027436417546,0.06426687774521328,14.847942847890614,0.22262734196627526,0.3856012664712797
1.85,1.0,0.08559199174248389,0.06265762891082592,14.851750379346694,0.2170527091482837,0.3759457734649555
1.86,1.0,0.08344875455006838,0.06108867560959993,14.855462569840336,0.21161766698107365,0.36653205365759955
1.87,1.0,0.08135918443150196,0.05955900886208902,14.859081806706413,0.2063187200018298,0.3573540531725341
1.88,1.0,0.07932193754646183,0.058067644951434634,14.862610417502108,0.20115246028297806,0.3484058697086078
1.89,1.0,0.07733570370538642,0.056613624791004215,14.866050671503615,0.19611556523953727,0.3396817487460253
1.9,1.0,0.0753992055267832,0.05519601330784447,14.869404781165375,0.19120479549144387,0.3311760798470668
1.91,1.0,0.07351119761564377,0.053813898841555116,14.872674903542805,0.18641699277946486,0.32288339304933067
1.92,1.0,0.07167046576243788,0.052466392558198724,14.875863141679368,0.18174907793335407,0.3147983553491923
1.93,1.0,0.06987582616216975,0.0511526278788715,14.878971545958962,0.177198048890936,0.306915767273229
1.94,1.0,0.06812612465299474,0.0498717599225694,14.88200211542444,0.17276097876684016,0.2992305595354164
1.95,1.0,0.06642023597390517,0.048622964962992635,14.884956799063108,0.16843501396963542,0.29173778977795584
1.96,1.0,0.06475706304100826,0.04740543989894083,14.887837497060056,0.16421737236615136,0.284432639393645
1.97,1.0,0.0631355362419296,0.0462184017379594,14.890646062020116,0.16010534149179956,0.2773104104277564
1.98,1.0,0.06155461274788833,0.0450610870929063,14.893384300159209,0.15609627680574073,0.2703665225574378
1.99,1.0,0.06001327584300121,0.043932751691116476,14.896053972465888,0.15218759998977188,0.2635965101466988
2.0,1.0,0.05851053427038371,0.042832669895849225,14.898656795833773,0.14837679728983638,0.25699601937509536
2.01,1.0,0.05704542159462732,0.04176013423971175,14.901194444165666,0.14466141789908576,0.2505608054382705
2.02,1.0,0.05561699558024291,0.040714454969759464,14.903668549450003,0.14103907238145272,0.24428672981855679
2.03,1.0,0.054224337585670086,0.039694959603981415,14.906080702810357,0.13750743113471753,0.23816975762388848
2.04,1.0,0.052866551972462414,0.03870099249888603,14.90843245552866,0.1340642228920776,0.2322059549933162
2.05,1.0,0.05154276552926862,0.037731914427909984,14.91072532004283,0.1307072332612545,0.2263914865674599
2.06,1.0,0.05025212691023888,0.03678710217037931,14.912960770919392,0.1274343033001969,0.22072261302227586
2.07,1.0,0.04899380608749493,0.03586594811075919,14.915140245801759,0.12424332812846134,0.21519568866455513
2.08,1.0,0.04776699381731179,0.0349678598479349,14.917265146334765,0.12113225557337735,0.20980715908760939
2.09,1.0,0.04657090111966746,0.03409225981427329,14.919336839066073,0.11809908485012327,0.20455355888563972
2.1,1.0,0.04540475877082599,0.033238584904219895,14.921356656324969,0.11514186527486417,0.19943150942531937
2.11,1.0,0.044267816808627125,0.03240628611219355,14.923325897079193,0.1122586950101214,0.19443771667316131
2.12,1.0,0.043159344050164694,0.03159482817954559,14.925245827770302,0.10944771984156759,0.18956896907727355
2.13,1.0,0.04207862762154306,0.030803689250356998,14.927117683128111,0.10670713198545825,0.184822135502142
2.14,1.0,0.041024972499409354,0.03003236053585253,14.92894266696475,0.10403516892593236,0.18019416321511517
2.15,1.0,0.03999770106396642,0.02928034598721606,14.93072195294883,0.10143011228143356,0.17568207592329638
2.16,1.0,0.03899615266317906,0.02854716197659697,14.932456685360236,0.0988902866995223,0.17128297185958183
2.17,1.0,0.038019683187893165,0.027832336986102716,14.934147979826017,0.09641405877936723,0.1669940219166163
2.18,1.0,0.03706766465759438,0.02713541130457765,14.93579692403784,0.09399983602122222,0.1628124678274659
2.19,1.0,0.03613948481653996,0.0264559367319733,14.937404578451499,0.09164606580221324,0.1587356203918398
2.2,1.0,0.03523454674000394,0.025793476291120096,14.938971976968887,0.08935123437777556,0.15476085774672058
2.21,1.0,0.034352268450382355,0.02514760394671536,14.940500127602913,0.08711386590809869,0.15088562368029215
2.22,1.0,0.0334920825429116,0.024517904331346888,14.941990013125752,0.08493252150895261,0.14710742598808133
2.23,1.0,0.03265343582075916,0.02390397247837612,14.943442591700874,0.08280579832628439,0.14342383487025673
2.24,1.0,0.03183578893925201,0.02330541356150912,14.944858797499247,0.08073232863398981,0.13983248136905474
2.25,1.0,0.031038616059013962,0.022721842640888095,14.946239541300107,0.07871077895427966,0.13633105584532856
2.26,1.0,0.03026140450778848,0.02215288441554009,14.94758571107668,0.07673984920007373,0.13291730649324054
2.27,1.0,0.029503654450730003,0.02159817298202385,14.948898172567256,0.07481827183887231,0.1295890378921431
2.28,1.0,0.02876487856895125,0.021057351599119686,14.950177769831939,0.07294481107756563,0.12634410959471812
2.29,1.0,0.028044601746119967,0.020530072458411014,14.95142532579548,0.07111826206765784,0.12318043475046608
2.3,1.0,0.02734236076290352,0.020015996460610124,14.952641642776497,0.06933745013039383,0.12009597876366074
2.31,1.0,0.026657703999064773,0.019514792997484393,14.95382750300346,0.06760123000129031,0.11708875798490637
2.32,1.0,0.02599019114301767,0.01902613973924273,14.954983669117748,0.06590848509358521,0.11415683843545638
2.33,1.0,0.025339392908655695,0.01854972242724557,14.956110884664108,0.06425812678013164,0.11129833456347342
2.34,1.0,0.02470489075927112,0.01808523467190508,14.957209874568832,0.06264909369327432,0.10851140803143047
2.35,1.0,0.024086276638387437,0.017632377755645787,14.958281345605975,0.061080351042258174,0.10579426653387472
2.36,1.0,0.023483152707331922,0.01719086044079876,14.95932598685188,0.05955088994773017,0.10314516264479257
2.37,1.0,0.022895131089379444,0.016760398782305983,14.960344470128325,0.05805972679290581,0.1005623926938359
2.38,1.0,0.02232183362030308,0.016340715945114395,14.961337450434591,0.056605902590983526,0.09804429567068637
2.39,1.0,0.021762891605170996,0.01593154202614223,14.962305566368697,0.05518848236839952,0.09558925215685338
2.4,1.0,0.02121794558123329,0.015532613880703174,14.963249440538073,0.05380655456352681,0.09319568328421904
2.41,1.0,0.020686645086746204,0.015143674953276743,14.964169679959987,0.052459230440431326,0.09086204971966046
2.42,1.0,0.02016864843558508,0.014764475112516023,14.965066876451909,0.05114564351730827,0.08858685067509614
2.43,1.0,0.019663622497501063,0.014394770490386738,14.965941607012123,0.049864949009230775,0.08636862294232042
2.44,1.0,0.01917124248388031,0.014034323325334155,14.966794434190795,0.04861632328485292,0.08420593995200493
2.45,1.0,0.01869119173886778,0.013682901809377038,14.967625906451767,0.04739896333671704,0.08209741085626224
2.46,1.0,0.018223161535721417,0.013340279939030265,14.968436558525262,0.046212086264825133,0.08004167963418159
2.47,1.0,0.017766850878265652,0.013006237369960288,14.969226911751788,0.04505492877314203,0.07803742421976173
2.48,1.0,0.017321966307316587,0.012680559275279961,14.969997474417417,0.04392674667870643,0.07608335565167977
2.49,1.0,0.01688822171195434,0.012363036207391608,14.970748742080668,0.04282681443303415,0.07417821724434964
2.5,1.0,0.016465338145521164,0.012053463963289504,14.971481197891203,0.04175442465550565,0.07232078377973702
2.51,1.0,0.01605304364622706,0.01175164345323512,14.972195312900553,0.040708887678438,0.07050986071941072
2.52,1.0,0.015651073062247445,0.011457380572720733,14.972891546365046,0.03968953110354831,0.0687442834363244
2.53,1.0,0.015259167881200431,0.011170486077639007,14.973570346041177,0.03869569936952371,0.06702291646583404
2.54,1.0,0.014877076063894025,0.01089077546257832,14.974232148473545,0.03772675333041946,0.06534465277546991
2.55,1.0,0.014504551882236353,0.01061806884216554,14.974877379275615,0.03678206984461433,0.06370841305299324
2.56,1.0,0.014141355761204632,0.01035219083537997,14.975506453403431,0.035861041374058586,0.062113145012279825
2.57,1.0,0.013787254124771288,0.010092970452764043,14.976119775422479,0.03496307559355706,0.06055782271658426
2.58,1.0,0.013442019245688115,0.009840240986458242,14.976717739767867,0.03408759500983598,0.05904144591874945
2.59,1.0,0.013105429099031882,0.009593839902989554,14.97730073099799,0.03323403659014842,0.05756303941793733
2.6,1.0,0.01277726721941715,0.009353608738744471,14.97786912404185,0.032401851400179656,0.05612165243246683
2.61,1.0,0.01245732256178457,0.009119392998059351,14.978423284440167,0.03159050425101958,0.054716357988356105
2.62,1.0,0.012145389365675018,0.008891042053862576,14.978963568580475,0.03079947335497492,0.053346252323175455
2.63,1.0,0.011841267022902356,0.008668409050804645,14.979490323926306,0.030028249990000134,0.05201045430482787
2.64,1.0,0.0115447599485397,0.008451350810813872,14.980003889240658,0.029276338172531054,0.05070810486488324
2.65,1.0,0.011255677455136195,0.008239727741016962,14.98050459480386,0.028543254338510855,0.04943836644610177
2.66,1.0,0.010973833630083446,0.008033403743965275,14.980992762625965,0.027828527032403235,0.04820042246379165
2.67,1.0,0.010699047216052707,0.007832246130109003,14.981468706653851,0.02713169660399282,0.04699347678065402
2.68,1.0,0.010431141494425943,0.00763612553246301,14.981932732973124,0.02645231491277775,0.045816753194778057
2.69,1.0,0.01016994417164581,0.007444915823409429,14.98238514000496,0.025789945039764384,0.04466949494045658
2.7,1.0,0.009915287268411437,0.007258494033583533,14.98282621869802,0.025144161006478684,0.0435509642015012
2.71,1.0,0.009667007011648783,0.007076740272790701,14.983256252715575,0.024514547501013728,0.04246044163674421
2.72,1.0,0.009424943729186048,0.006899537652903629,14.983675518617925,0.023900699610936937,0.04139722591742177
2.73,1.0,0.009188941747066474,0.006726772212690195,14.984084286040257,0.023302222562885506,0.04036063327614117
2.74,1.0,0.008958849289432403,0.00655833284452365,14.984482817866057,0.022718731468682314,0.0393499970671419
2.75,1.0,0.008734518380916283,0.00639411122292797,14.984871370396169,0.02214985107780919,0.038364667337567826
2.76,1.0,0.008515804751475817,0.006234001734912461,14.985250193513625,0.02159521553607835,0.03740401040947477
2.77,1.0,0.008302567743612052,0.006077901412050769,14.985619530844351,0.021054468150346672,0.03646740847230461
2.78,1.0,0.008094670221910742,0.0059257098642606495,14.985979619913842,0.020527261159121665,0.035554259185563895
2.79,1.0,0.00789197848484881,0.005777329215241897,14.986330692299921,0.020013255508911445,0.03466397529145138
2.8,1.0,0.007694362178809192,0.005632664039530905,14.986672973781673,0.019512120636174957,0.03379598423718543
2.81,1.0,0.007501694214248767,0.0054916213011314,14.987006684484632,0.019023534254732268,0.0329497278067884
2.82,1.0,0.007313850683965448,0.005354110293681853,14.987332039022364,0.018547182148498084,0.03212466176209112
2.83,1.0,0.0071307107834118815,0.005220042582121113,14.987649246634478,0.0180827579694053,0.03132025549272668
2.84,1.0,0.006952156733004509,0.005089331945814741,14.987958511321192,0.017629963040388552,0.030535991674888442
2.85,1.0,0.006778073702378015,0.004961894323105456,14.98826003197453,0.01718850616330115,0.029771365938632735
2.86,1.0,0.006608349736536459,0.004837647757252058,14.988554002506223,0.01675810343164172,0.02902588654351235
2.87,1.0,0.006442875683853598,0.004716512343722035,14.988840611972437,0.01633847804797032,0.02829907406233221
2.88,1.0,0.0062815451258760825,0.0045984101788039715,14.989120044695333,0.01592936014589639,0.027590461072823827
2.89,1.0,0.006124254308884404,0.004483265309506717,14.989392480381623,0.015530486616524182,0.026899591857040304
2.9,1.0,0.005970902077167557,0.004371003684713069,14.989658094238132,0.01514160093924409,0.026226022108278416
2.91,1.0,0.00582138980796852,0.004261553107556591,14.989917057084487,0.014762453016760898,0.025569318645339546
2.92,1.0,0.005675621348058706,0.004154843188990904,14.990169535462963,0.014392799014253015,0.02492905913394542
2.93,1.0,0.005533502951900605,0.004050805302521625,14.990415691745591,0.01403240120255917,0.02430483181512975
2.94,1.0,0.005394943221358839,0.00394937254007181,14.990655684238583,0.013681027805291738,0.02369623524043086
2.95,1.0,0.005259853046920863,0.00385047966895254,14.990889667284138,0.013338452849778373,0.02310287801371524
2.96,1.0,0.005128145550389508,0.0037540630899109647,14.991117791359713,0.013004456021736104,0.02252437853946579
2.97,1.0,0.004999736029010512,0.003660060796228832,14.991340203174776,0.012678822523584383,0.021960364777372992
2.98,1.0,0.0048745419009991065,0.003568412333845192,14.991557045765171,0.012361342936306042,0.021410474003071153
2.99,1.0,0.004752482652430624,0.0034790587624776363,14.99176845858511,0.012051813084767223,0.020874352574865817
3.0,1.0,0.004633479785460973,0.003391942617717066,14.99197457759684,0.011750033906409761,0.020351655706302395
3.01,1.0,0.004517456767843685,0.0033070078740716122,14.992175535358106,0.011455811323231514,0.019842047244429672
3.02,1.0,0.0044043389837110525,0.003224199908935939,14.992371461107373,0.011168956116972332,0.019345199453615635
3.03,1.0,0.004294053685587723,0.0031434654674627658,14.99256248084697,0.010889283807425359,0.018860792804776594
3.04,1.0,0.00418652994760588,0.003064752628314004,14.992748717424101,0.010616614533795511,0.018388515769884026
3.05,1.0,0.004081698619891915,0.0029880107702694968,14.99293029060986,0.010350772939028665,0.01792806462161698
3.06,1.0,0.003979492284095271,0.0029131905396718757,14.993107317176252,0.010091588057037332,0.017479143238031253
3.07,1.0,0.0038798452100308523,0.0028402438186866034,14.993279910971301,0.009838893202750203,0.01704146291211962
3.08,1.0,0.0037826933134071064,0.0027691236943567952,14.993448182992255,0.009592525864914835,0.01661474216614077
3.09,1.0,0.0036879741146126077,0.0026997844284329026,14.993612241456976,0.009352327601584626,0.016198706570597417
3.1,1.0,0.0035956266985346288,0.002632181427957872,14.993772191873528,0.00911814393822277,0.015793088567747235
3.11,1.0,0.003505591675383863,0.0025662712165888547,14.993928137108046,0.008889824268357743,0.015397627299533128
3.12,1.0,0.0034178111425000996,0.0025020114066370215,14.99408017745088,0.008667221756726354,0.01501206843982213
3.13,1.0,0.0033322286471142893,0.0024393606718075113,14.994228410681094,0.008450193244842134,0.014636164030845068
3.14,1.0,0.003248789150043057,0.002378278720621969,14.99437293212935,0.00823859915892829,0.014269672323731813
3.15,1.0,0.003167438990292308,0.0023187262705065873,14.994513834739216,0.008032303420156057,0.013912357623039523
3.16,1.0,0.0030881258505471615,0.0022606650225289924,14.99465120912694,0.007831173357130662,0.013563990135173953
3.17,1.0,0.003010798723526028,0.002204057636767717,14.994785143639723,0.007635079620568678,0.0132243458206063
3.18,1.0,0.002935407879177178,0.002148867708298424,14.99491572441254,0.0074438961001118634,0.012893206249790543
3.19,1.0,0.0028619048326967217,0.0020950597437814473,14.995043035423537,0.007257499843223992,0.012570358462688683
3.2,1.0,0.0027902423133474175,0.0020425991386355735,14.995167158548032,0.007075770976118523,0.012255594831813441
3.21,1.0,0.002720374234058261,0.0019914521547834017,14.995288173611172,0.00689859262666624,0.01194871292870041
3.22,1.0,0.0026522556617853098,0.0019415858989539592,14.995406158439277,0.006725850849233321,0.011649515393723756
3.23,1.0,0.002585842788614676,0.0018929683015286275,14.995521188909875,0.006557434551401448,0.011357809809171764
3.24,1.0,0.002521092903589103,0.0018455680959167632,14.995633339000513,0.006393235422522885,0.01107340857550058
3.25,1.0,0.0024579643652400084,0.0017993547984477617,14.995742680836331,0.0062331478640645106,0.01079612879068657
3.26,1.0,0.00239641657480733,0.0017542986887666237,14.995849284736446,0.0060770689216960725,0.010525792132599743
3.27,1.0,0.00233640995012995,0.0017103707907204205,14.995953219259171,0.0059248982190789595,0.010262224744322522
3.28,1.0,0.0022779059001899085,0.0016675428537233639,14.996054551246107,0.005776537893312906,0.010005257122340183
3.29,1.0,0.002220866800294031,0.0016257873345884993,14.996153345865137,0.005631892531999125,0.009754724007530996
3.3,1.0,0.0021652559678770147,0.0015850773798143348,14.996249666652329,0.005490869111879389,0.009510464278886008
3.31,1.0,0.0021110376389104056,0.0015453868083150153,14.996343575552796,0.0053533769390115915,0.009272320849890093
3.32,1.0,0.0020581769449023,0.0015066900945829359,14.996435132960537,0.005219327590443329,0.009040140567497615
3.33,1.0,0.0020066398904729802,0.0014689623522729667,14.996524397757275,0.0050886348573459875,0.0088137741136378
3.34,1.0,0.0019563933314920537,0.0014321793181977299,14.99661142735033,0.004961214689572755,0.00859307590918638
3.35,1.0,0.0019074049537630437,0.0013963173367236375,14.996696277709534,0.0048369851416049,0.008377904020341824
3.36,1.0,0.0018596432522417236,0.0013613533445576563,14.996779003403221,0.004715866319851582,0.008168120067345939
3.37,1.0,0.0018130775107748243,0.0013272648559150117,14.99685965763333,0.004597780331269273,0.00796358913549007
3.38,1.0,0.0017676777823460868,0.0012940299480582967,14.996938292269615,0.004482651233267754,0.00776417968834978
3.39,1.0,0.0017234148698169606,0.0012616272471986827,14.997014957883005,0.0043704049848704764,0.007569763483192096
3.4,1.0,0.0016802603071495524,0.0012300359147501662,14.997089703778121,0.004260969399097877,0.007380215488500997
3.41,1.0,0.00163818634109976,0.0011992356339280109,14.997162578024993,0.004154274096543018,0.007195413803568066
3.42,1.0,0.0015971659133688088,0.0011692065966827675,14.997233627489967,0.0040502504601097,0.007015239580096606
3.43,1.0,0.001557172643201719,0.001139929490961467,14.997302897865854,0.003948831590883942,0.006839576945768802
3.44,1.0,0.001518180810421509,0.0011113854882877957,14.99737043370131,0.0038499522651104447,0.006668312929726774
3.45,1.0,0.001480165338888225,0.0010835562316532646,14.997436278429475,0.003753548892246371,0.006501337389919587
3.46,1.0,0.001443101780372158,0.0010564238237115852,14.997500474395931,0.0036595594740654615,0.0063385429422695115
3.47,1.0,0.001406966298830879,0.0010299708152686604,14.997563062885915,0.0035679235647861954,0.006179824891611962
3.48,1.0,0.0013717356550799796,0.0010041801940607882,14.997624084150873,0.003478582232198342,0.006025081164364729
3.49,1.0,0.0013373871918476588,9.790353738138593E-4,14.997683577434351,0.003391478019762917,0.005874212242883156
3.5,1.0,0.0013038988192035446,9.545201835765153E-4,14.997741580997232,0.003306554909661148,0.005727121101459091
3.51,1.0,0.0012712490003523814,9.306188573204058E-4,14.997798132142341,0.003223758286768714,0.005583713143922434
3.52,1.0,0.001239416737783446,9.073160238008561E-4,14.997853267238428,0.003143034903532072,0.005443896142805136
3.53,1.0,0.0012083815597667819,8.845966966714267E-4,14.997907021743574,0.003064332845724274,0.00530758018002856
3.54,1.0,0.0011781235071875718,8.624462648460034E-4,14.99795943022798,0.0029876014990582803,0.0051746775890760205
3.55,1.0,0.0011486231207101796,8.408504831022246E-4,14.9980105263962,0.002912791516636269,0.005045102898613348
3.56,1.0,0.0011198614282636047,8.197954629201987E-4,14.99806034310883,0.0028398547872140216,0.0049187727775211925
3.57,1.0,0.0010918199328403045,7.992676635506212E-4,14.998108912403623,0.0027687444042599754,0.004795605981303727
3.58,1.0,0.0010644806006005346,7.792538833065482E-4,14.998156265516107,0.002699414635789042,0.004675523299839289
3.59,1.0,0.0010378258492745596,7.597412510732246E-4,14.998202432899667,0.002631820894951789,0.004558447506439347
3.6,1.0,0.0010118385368552722,7.407172180305085E-4,14.998247444245129,0.002565919711360072,0.00444430330818305
3.61,1.0,9.86501950573954E-4,7.221695495825655E-4,14.998291328499858,0.002501668703130685,0.004333017297495393
3.62,1.0,9.617997961520808E-4,7.040863174896465E-4,14.998334113886376,0.00243902654962903,0.004224517904937879
3.63,1.0,9.377161873222677E-4,6.864558921968857E-4,14.9983758279205,0.0023779529648952995,0.004118735353181314
3.64,1.0,9.142356356116094E-4,6.692669353551874E-4,14.998416497429051,0.0023184086717360627,0.004015601612131124
3.65,1.0,8.913430403808476E-4,6.5250839252939E-4,14.99845614856711,0.0022603553764646107,0.0039150503551763395
3.66,1.0,8.6902367911296E-4,6.361694860890197E-4,14.998494806834817,0.0022037557442738005,0.0038170169165341185
3.67,1.0,8.472631979449228E-4,6.202397082770603E-4,14.998532497093796,0.0021485733752255706,0.003721438249662362
3.68,1.0,8.260476024365608E-4,6.047088144522817E-4,14.998569243583129,0.00209477278084168,0.00362825288671369
3.69,1.0,8.053632485705456E-4,5.895668165007817E-4,14.998605069934944,0.002042319361280619,0.0035374008990046906
3.7,1.0,7.851968339777567E-4,5.748039764125046E-4,14.998639999189626,0.001991179383086018,0.0034488238584750273
3.71,1.0,7.655353893823592E-4,5.604108000186029E-4,14.998674053810616,0.0019413199574922308,0.0033624648001116175
3.72,1.0,7.463662702610991E-4,5.463780308856184E-4,14.99870725569887,0.0018927090192731597,0.0032782681853137105
3.73,1.0,7.276771487114506E-4,5.326966443625529E-4,14.998739626206943,0.0018453153061206966,0.0031961798661753176
3.74,1.0,7.094560055233865E-4,5.193578417770001E-4,14.998771186152716,0.0017991083385395456,0.0031161470506620007
3.75,1.0,6.916911224496723E-4,5.063530447766098E-4,14.998801955832791,0.0017540584002454695,0.003038118268659659
3.76,1.0,6.743710746697137E-4,4.936738898122405E-4,14.998831955035536,0.0017101365190543736,0.0029620433388734433
3.77,1.0,6.574847234421098E-4,4.8131222275925507E-4,14.998861203053815,0.001667314448249929,0.0028878733365555304
3.78,1.0,6.410212089411883E-4,4.6926009367350053E-4,14.9988897186974,0.0016255646484177521,0.002815560562041003
3.79,1.0,6.249699432729144E-4,4.57509751678599E-4,14.998917520305064,0.0015848602697344596,0.002745058510071594
3.8,1.0,6.093206036656824E-4,4.4605363998126055E-4,14.99894462575637,0.0015451751347002086,0.0026763218398875633
3.81,1.0,5.94063125831611E-4,4.348843910114147E-4,14.998971052483173,0.0015064837213036146,0.0026093063460684886
3.82,1.0,5.791876974940725E-4,4.2399482168403247E-4,14.998996817480837,0.001468761146608225,0.002543968930104195
3.83,1.0,5.64684752077294E-4,4.133779287795942E-4,14.999021937319156,0.0014319831507499875,0.002480267572677565
3.84,1.0,5.505449625539717E-4,4.030268844402302E-4,14.999046428153017,0.0013961260813354264,0.0024181613066413814
3.85,1.0,5.367592354469423E-4,3.929350317786397E-4,14.999070305732786,0.0013611668782304897,0.002357610190671838
3.86,1.0,5.233187049810521E-4,3.830958805969621E-4,14.999093585414435,0.0013270830587302843,0.002298575283581773
3.87,1.0,5.102147273814658E-4,3.7350310321284904E-4,14.99911628216942,0.001293852703100165,0.002241018619277094
3.88,1.0,4.974388753147454E-4,3.6415053039005196E-4,14.999138410594307,0.0012614544404788777,0.002184903182340312
3.89,1.0,4.849829324691262E-4,3.5503214737090825E-4,14.999159984920173,0.0012298674351346882,0.0021301928842254493
3.9,1.0,4.728388882705022E-4,3.461420900081749E-4,14.999181019021732,0.001199071373065659,0.0020768525400490494
3.91,1.0,4.6099893273072534E-4,3.374746409937212E-4,14.999201526426289,0.001169046448935459,0.0020248478459623273
3.92,1.0,4.4945545142490324E-4,3.290242261816557E-4,14.999221520322408,0.0011397733533363016,0.001974145357089934
3.93,1.0,4.382010205944665E-4,3.207854110035226E-4,14.999241013568417,0.001111233260370821,0.0019247124660211356
3.94,1.0,4.2722840237285594E-4,3.127528969732623E-4,14.999260018700669,0.0010834078155448992,0.0018765173818395737
3.95,1.0,4.1653054013075905E-4,3.04921518279688E-4,14.999278547941607,0.0010562791239636603,0.001829529109678128
3.96,1.0,4.061005539379026E-4,2.9728623846428734E-4,14.999296613207616,0.0010298297388230356,0.0017837174307857241
3.97,1.0,3.9593173613848277E-4,2.8984214718221233E-4,14.999314226116697,0.0010040426501895065,0.001739052883093274
3.98,1.0,3.860175470373869E-4,2.825844570443747E-4,14.999331397995936,9.789012740607983E-4,0.001695506742266248
3.99,1.0,3.763516106944331E-4,2.755085005386152E-4,14.999348139888784,9.54389441700502E-4,0.0016530510032316914
4.0,1.0,3.669277108239224E-4,2.68609727027968E-4,14.999364462562166,9.304913892397537E-4,0.001611658362167808
4.01,1.0,3.577397867968673E-4,2.6188369982408835E-4,14.999380376513397,9.071917475392924E-4,0.0015713021989445302
4.02,1.0,3.487819297433242E-4,2.5532609333396247E-4,14.999395891976942,8.844755323053719E-4,0.0015319565600037748
4.03,1.0,3.400483787523252E-4,2.4893269027806387E-4,14.999411018930987,8.623281344531731E-4,0.0014935961416683832
4.04,1.0,3.315335171669629E-4,2.426993789781679E-4,14.99942576710387,8.407353107115159E-4,0.0014561962738690072
4.05,1.0,3.2323186897224794E-4,2.3662215071307925E-4,14.99944014598033,8.196831744628333E-4,0.0014197329042784754
4.06,1.0,3.151380952734143E-4,2.3069709714057301E-4,14.999454164807599,7.991581868125111E-4,0.001384182582843438
4.07,1.0,3.0724699086240873E-4,2.2492040778389032E-4,14.999467832601367,7.791471478818543E-4,0.001349522446703342
4.08,1.0,2.9955348087035583E-4,2.1928836758117274E-4,14.999481158151562,7.596371883190779E-4,0.0013157302054870364
4.09,1.0,2.920526175038458E-4,2.1379735449625882E-4,14.999494150028012,7.406157610228656E-4,0.001282784126977553
4.1,1.0,2.8473957686294587E-4,2.0844383718930724E-4,14.99950681658596,7.22070633073169E-4,0.0012506630231358434
4.11,1.0,2.776096558388895E-4,2.032243727457474E-4,14.999519165971428,7.039898778640632E-4,0.0012193462364744846
4.12,1.0,2.7065826908944773E-4,1.9813560446209764E-4,14.999531206126461,6.863618674335956E-4,0.0011888136267725858
4.13,1.0,2.6388094609003767E-4,1.9317425968722686E-4,14.999542944794237,6.69175264985697E-4,0.0011590455581233612
4.14,1.0,2.572733282586717E-4,1.8833714771767106E-4,14.999554389524038,6.524190175993446E-4,0.0011300228863060265
4.15,1.0,2.508311661528983E-4,1.8362115774565207E-4,14.999565547676115,6.360823491202892E-4,0.0011017269464739124
4.16,1.0,2.445503167369322E-4,1.7902325685847738E-4,14.999576426426417,6.201547532307741E-4,0.0010741395411508644
4.17,1.0,2.384267407172154E-4,1.7454048808803596E-4,14.999587032771208,6.046259866927897E-4,0.0010472429285282158
4.18,1.0,2.324564999446968E-4,1.7016996850913462E-4,14.999597373531559,5.89486062760518E-4,0.0010210198110548077
4.19,1.0,2.2663575488215867E-4,1.6590888738545243E-4,14.999607455357745,5.747252447577298E-4,9.954533243127146E-4
4.2,1.0,2.209607621349618E-4,1.617545043619207E-4,14.999617284733516,5.603340398160057E-4,9.705270261715243E-4
4.21,1.0,2.1542787204362117E-4,1.5770414770236615E-4,14.999626867980268,5.463031927697524E-4,9.462248862141969E-4
4.22,1.0,2.1003352633666388E-4,1.537552125712834E-4,14.999636211261107,5.326236802040887E-4,9.225312754277005E-4
4.23,1.0,2.0477425584225975E-4,1.4990515935863264E-4,14.999645320584813,5.192867046517737E-4,8.994309561517959E-4
4.24,1.0,1.9964667825715326E-4,1.461515120465842E-4,14.99965420180971,5.062836889354447E-4,8.769090722795051E-4
4.25,1.0,1.9464749597146146E-4,1.4249185661716025E-4,14.999662860647426,4.936062706515253E-4,8.549511397029615E-4
4.26,1.0,1.8977349394793953E-4,1.3892383949974942E-4,14.999671302666567,4.812462967922593E-4,8.335430369984965E-4
4.27,1.0,1.850215376543497E-4,1.3544516605749565E-4,14.999679533296304,4.691958185024075E-4,8.126709963449739E-4
4.28,1.0,1.8038857104760408E-4,1.3205359911158847E-4,14.999687557829857,4.574470859672394E-4,7.923215946695308E-4
4.29,1.0,1.7587161460838458E-4,1.2874695750250494E-4,14.999695381427905,4.4599254342852845E-4,7.724817450150297E-4
4.3,1.0,1.714677634249766E-4,1.2552311468727842E-4,14.999703009121903,4.3482482432534957E-4,7.531386881236704E-4
4.31,1.0,1.6717418532508343E-4,1.2237999737189204E-4,14.999710445817318,4.2393674655654963E-4,7.342799842313522E-4
4.32,1.0,1.629881190544208E-4,1.1931558417791701E-4,14.99971769629678,4.133213078618491E-4,7.15893505067502E-4
4.33,1.0,1.5890687250091903E-4,1.1632790434253875E-4,14.999724765223169,4.0297168131859867E-4,6.979674260552325E-4
4.34,1.0,1.5492782096339212E-4,1.134150364511343E-4,14.999731657142597,3.9288121095129987E-4,6.804902187068059E-4
4.35,1.0,1.5104840546355892E-4,1.1057510720158652E-4,14.999738376487347,3.8304340745106265E-4,6.634506432095192E-4
4.36,1.0,1.472661311003322E-4,1.0780629019953963E-4,14.999744927578712,3.7345194400224954E-4,6.468377411972377E-4
4.37,1.0,1.4357856544531609E-4,1.0510680478382208E-4,14.999751314629783,3.6410065221362015E-4,6.306408287029325E-4
4.38,1.0,1.3998333697848067E-4,1.0247491488128082E-4,14.999757541748153,3.54983518151361E-4,6.148494892876849E-4
4.39,1.0,1.3647813356300757E-4,9.990892789029077E-5,14.999763612938558,3.4609467847144875E-4,5.994535673417447E-4
4.4,1.0,1.3306070095832557E-4,9.740719359222129E-5,14.999769532105459,3.374284166488597E-4,5.844431615533277E-4
4.41,1.0,1.2972884137038E-4,9.49681030901598E-5,14.999775303055548,3.2897915930120045E-4,5.698086185409588E-4
4.42,1.0,1.264804120382037E-4,9.259008777420982E-5,14.999780929500197,3.207414726043952E-4,5.55540526645259E-4
4.43,1.0,1.233133238558802E-4,9.027161831269819E-5,14.999786415057843,3.1271005879812447E-4,5.416297098761891E-4
4.44,1.0,1.2022554002901361E-4,8.80112036686425E-5,14.999791763256315,3.048797527787694E-4,5.28067222011855E-4
4.45,1.0,1.1721507476484021E-4,8.580739014084643E-5,14.999796977535105,2.97245518777668E-4,5.148443408450786E-4
4.46,1.0,1.142799919951402E-4,8.365876042900613E-5,14.999802061247587,2.8980244712254854E-4,5.019525625740368E-4
4.47,1.0,1.1141840413112765E-4,8.156393272222654E-5,14.999807017663157,2.825457510800575E-4,4.893835963333592E-4
4.48,1.0,1.086284708495184E-4,7.952155981036129E-5,14.999811849969351,2.7547076377735103E-4,4.771293588621677E-4
4.49,1.0,1.0590839790899489E-4,7.753032821760488E-5,14.999816561273885,2.685729352007698E-4,4.651819693056293E-4
4.5,1.0,1.0325643599630694E-4,7.558895735777987E-5,14.999821154606657,2.618478292696681E-4,4.5353374414667917E-4
4.51,1.0,1.0067087960126637E-4,7.369619871077561E-5,14.999825632921699,2.5529112098351427E-4,4.4217719226465367E-4
4.52,1.0,9.815006591991169E-5,7.18508350196093E-5,14.999829999099072,2.4889859364042816E-4,4.311050101176558E-4
4.53,1.0,9.569237378513803E-5,7.005167950759263E-5,14.999834255946718,2.4266613612536686E-4,4.2031007704555583E-4
4.54,1.0,9.329622262410408E-5,6.829757511510067E-5,14.99983840620227,2.36589740266215E-4,4.0978545069060405E-4
4.55,1.0,9.096007144174573E-5,6.65873937554523E-5,14.999842452534812,2.3066549825607834E-4,3.9952436253271376E-4
4.56,1.0,8.868241782974264E-5,6.49200355894233E-5,14.99984639754659,2.2488960014012394E-4,3.895202135365398E-4
4.57,1.0,8.646179700030057E-5,6.329442831792599E-5,14.99985024377469,2.192583313653503E-4,3.7976656990755596E-4
4.58,1.0,8.429678084412775E-5,6.170952649240004E-5,14.999853993692673,2.1376807039171094E-4,3.7025715895440024E-4
4.59,1.0,8.218597701199992E-5,6.0164310842471394E-5,14.999857649712153,2.084152863630569E-4,3.6098586505482836E-4
4.6,1.0,8.012802801932276E-5,5.865778762044654E-5,14.999861214184369,2.0319653683639795E-4,3.519467257226792E-4
4.61,1.0,7.812161037311656E-5,5.718898796222088E-5,14.999864689401674,1.9810846556802446E-4,3.4313392777332526E-4
4.62,1.0,7.616543372086116E-5,5.5756967264189954E-5,14.999868077599023,1.9314780035506473E-4,3.345418035851397E-4
4.63,1.0,7.425824002065388E-5,5.4360804575762976E-5,14.999871380955412,1.883113509310896E-4,3.2616482745457783E-4
4.64,1.0,7.239880273214698E-5,5.2999602007087835E-5,14.99987460159527,1.8359600691441225E-4,3.17997612042527E-4
4.65,1.0,7.058592602774398E-5,5.1672484151606836E-5,14.999877741589827,1.7899873580776225E-4,3.1003490490964103E-4
4.66,1.0,6.881844402354793E-5,5.037859752307167E-5,14.99988080295846,1.7451658104804837E-4,3.0227158513843E-4
4.67,1.0,6.709522002956668E-5,4.911711000665564E-5,14.999883787669972,1.7014666010495543E-4,2.947026600399338E-4
4.68,1.0,6.541514581869322E-5,4.7887210323810096E-5,14.999886697643868,1.6588616262715267E-4,2.8732326194286055E-4
4.69,1.0,6.377714091399087E-5,4.668810751052098E-5,14.999889534751587,1.617323486349215E-4,2.801286450631259E-4
4.7,1.0,6.218015189382489E-5,4.551903040862986E-5,14.999892300817708,1.5768254675803983E-4,2.7311418245177914E-4
4.71,1.0,6.062315171439371E-5,4.43792271698924E-5,14.999894997621125,1.5373415251779005E-4,2.662753630193544E-4
4.72,1.0,5.9105139049224145E-5,4.326796477245524E-5,14.999897626896187,1.4988462665198608E-4,2.5960778863473144E-4
4.73,1.0,5.7625137645205616E-5,4.2184528549440416E-5,14.999900190333813,1.4613149348194164E-4,2.531071712966425E-4
4.74,1.0,5.6182195694749534E-5,4.1128221729334034E-5,14.999902689582584,1.4247233932033007E-4,2.467693303760042E-4
4.75,1.0,5.477538522366978E-5,4.009836498788376E-5,14.999905126249796,1.3890481091891158E-4,2.4059018992730256E-4
4.76,1.0,5.3403801494390805E-5,3.909429601121677E-5,14.999907501902504,1.354266139551297E-4,2.345657760673006E-4
4.77,1.0,5.2066562424099466E-5,3.8115369069897335E-5,14.999909818068515,1.320355115566032E-4,2.28692214419384E-4
4.78,1.0,5.0762808017466405E-5,3.716095460365012E-5,14.999912076237386,1.2872932286256538E-4,2.229657276219007E-4
4.79,1.0,4.949169981357225E-5,3.623043881648199E-5,14.999914277861377,1.2550592162132503E-4,2.1738263289889195E-4
4.8,1.0,4.825242034668278E-5,3.532322328194202E-5,14.999916424356377,1.2236323482284707E-4,2.1193933969165213E-4
4.81,1.0,4.7044172620526386E-5,3.443872455826598E-5,14.999918517102826,1.1929924136557359E-4,2.0663234734959586E-4
4.82,1.0,4.5866179595735715E-5,3.3576373813157456E-5,14.999920557446593,1.1631197075662795E-4,2.0145824287894472E-4
4.83,1.0,4.4717683690123835E-5,3.273561645796474E-5,14.999922546699853,1.1339950184456587E-4,1.964136987477884E-4
4.84,1.0,4.359794629147358E-5,3.191591179101775E-5,14.999924486141918,1.1055996158385883E-4,1.914954707461065E-4
4.85,1.0,4.2506247282526706E-5,3.111673264989605E-5,14.999926377020067,1.0779152383031472E-4,1.867003958993763E-4
4.86,1.0,4.144188457786737E-5,3.0337565072403987E-5,14.99992822055035,1.050924081666615E-4,1.8202539043442393E-4
4.87,1.0,4.040417367240215E-5,2.9577907966035153E-5,14.999930017918361,1.024608787575383E-4,1.7746744779621092E-4
4.88,1.0,3.93924472011462E-5,2.8837272785713426E-5,14.99993177028001,9.989524323315796E-5,1.7302363671428054E-4
4.89,1.0,3.840605451003236E-5,2.81151832196035E-5,14.999933478762268,9.739385160092242E-5,1.6869109931762102E-4
4.9,1.0,3.744436123746732E-5,2.741117488278871E-5,14.999935144463878,9.495509518429187E-5,1.6446704929673226E-4
4.91,1.0,3.6506748906365706E-5,2.672479501861923E-5,14.999936768456074,9.257740558822437E-5,1.6034877011171538E-4
4.92,1.0,3.55926145263996E-5,2.6055602207538567E-5,14.999938351783264,9.025925369052129E-5,1.563336132452314E-4
4.93,1.0,3.4701370206207905E-5,2.540316608320106E-5,14.99993989546371,8.79991486584295E-5,1.5241899649920637E-4
4.94,1.0,3.383244277531594E-5,2.4767067055697853E-5,14.999941400490167,8.579563698986805E-5,1.486024023341871E-4
4.95,1.0,3.298527341552232E-5,2.4146896041713327E-5,14.99994286783054,8.364730157866263E-5,1.4488137625027995E-4
4.96,1.0,3.215931730151587E-5,2.3542254201438452E-5,14.999944298428495,8.155276080318657E-5,1.4125352520863072E-4
4.97,1.0,3.135404325049161E-5,2.2952752682071882E-5,14.999945693204063,7.951066763782269E-5,1.377165160924313E-4
4.98,1.0,3.056893338054039E-5,2.2378012367743794E-5,14.999947053054248,7.751970878667397E-5,1.3426807420646275E-4
4.99,1.0,2.9803482777592482E-5,2.181766363570169E-5,14.999948378853585,7.557860383896654E-5,1.3090598181421015E-4
5.0,1.0,2.905719917070098E-5,2.1271346118601353E-5,14.999949671454708,7.36861044456012E-5,1.276280767116081E-4
